{
  "@context": "https://schema.org",
  "@type": "BreadcrumbList",
  "@id": "https://www.alanranger.com/blog-on-photography/wildlife-photography-practice-assignment-free-lesson#breadcrumb",
  "itemListElement": [
    {
      "@type": "ListItem",
      "position": 1,
      "name": "Blog",
      "item": "https://www.alanranger.com/blog-on-photography"
    },
    {
      "@type": "ListItem",
      "position": 2,
      "name": "Wildlife Photography Practice Assignment - Free Lesson",
      "item": "https://www.alanranger.com/blog-on-photography/wildlife-photography-practice-assignment-free-lesson"
    }
  ]
}