{
  "@context": "https://schema.org",
  "@type": "ImageObject",
  "@id": "https://www.alanranger.com/blog-on-photography/wildlife-photography-practice-assignment-free-lesson#primaryimage",
  "url": "https://images.squarespace-cdn.com/content/v1/5013f4b2c4aaa4752ac69b17/1763932543229-PXS6HRXQD7EH4QMVNRDQ/wildlife-photography-thumbnail.png",
  "width": 1500,
  "height": 1000,
  "caption": "Wildlife Photography Practice Assignment - Free Lesson",
  "inLanguage": "en-GB",
  "creator": {
    "@id": "https://www.alanranger.com/#person"
  },
  "publisher": {
    "@id": "https://www.alanranger.com/#org"
  }
}