{
  "@context": "https://schema.org",
  "@type": "WebPage",
  "@id": "https://www.alanranger.com/blog-on-photography/wildlife-photography-practice-assignment-free-lesson#webpage",
  "url": "https://www.alanranger.com/blog-on-photography/wildlife-photography-practice-assignment-free-lesson",
  "name": "Wildlife Photography Practice Assignment - Free Lesson",
  "description": "This assignment focuses on essential techniques and considerations for capturing compelling wildlife photography. Students will learn how to effectively use.",
  "inLanguage": "en-GB",
  "isPartOf": {
    "@id": "https://www.alanranger.com/#website"
  },
  "about": {
    "@id": "https://www.alanranger.com/blog-on-photography/wildlife-photography-practice-assignment-free-lesson#blogposting"
  },
  "mainEntity": {
    "@id": "https://www.alanranger.com/blog-on-photography/wildlife-photography-practice-assignment-free-lesson#blogposting"
  }
}