{
  "@context": "https://schema.org",
  "@type": "ImageObject",
  "@id": "https://images.squarespace-cdn.com/content/v1/5013f4b2c4aaa4752ac69b17/1763932543229-PXS6HRXQD7EH4QMVNRDQ/wildlife-photography-thumbnail.png#imageobject",
  "url": "https://images.squarespace-cdn.com/content/v1/5013f4b2c4aaa4752ac69b17/1763932543229-PXS6HRXQD7EH4QMVNRDQ/wildlife-photography-thumbnail.png",
  "width": 1500,
  "height": 1000,
  "caption": "Wildlife Photography Practice Assignment - Free Lesson",
  "contentUrl": "https://images.squarespace-cdn.com/content/v1/5013f4b2c4aaa4752ac69b17/1763932543229-PXS6HRXQD7EH4QMVNRDQ/wildlife-photography-thumbnail.png",
  "encodingFormat": "image/jpeg"
}