{
  "@context": "https://schema.org",
  "@type": "FAQPage",
  "mainEntity": [
    {
      "@type": "Question",
      "name": "What is this photography technique about?",
      "acceptedAnswer": {
        "@type": "Answer",
        "text": "This article covers wildlife photography practice assignment - free lesson. It provides guidance on photography techniques, camera settings, and practical tips to help you improve your photography skills."
      }
    },
    {
      "@type": "Question",
      "name": "How do I apply these techniques?",
      "acceptedAnswer": {
        "@type": "Answer",
        "text": "Follow the step-by-step guidance provided in the article. Practice the techniques in real-world conditions, adjust your camera settings as recommended, and review your results to refine your approach."
      }
    },
    {
      "@type": "Question",
      "name": "What camera settings should I use?",
      "acceptedAnswer": {
        "@type": "Answer",
        "text": "The optimal camera settings depend on your specific equipment, lighting conditions, and the photography technique being demonstrated. Refer to the article for detailed recommendations tailored to different scenarios."
      }
    },
    {
      "@type": "Question",
      "name": "Do I need special equipment?",
      "acceptedAnswer": {
        "@type": "Answer",
        "text": "The equipment requirements vary depending on the technique. While some methods can be achieved with basic camera gear, others may benefit from specific lenses, filters, or accessories. Check the article for detailed equipment recommendations."
      }
    },
    {
      "@type": "Question",
      "name": "How can I improve my results?",
      "acceptedAnswer": {
        "@type": "Answer",
        "text": "Practice regularly, pay attention to lighting conditions, experiment with different settings, and review your images critically. The article provides specific tips and common mistakes to avoid that will help you achieve better results."
      }
    },
    {
      "@type": "Question",
      "name": "Is this suitable for beginners?",
      "acceptedAnswer": {
        "@type": "Answer",
        "text": "The article is designed to be accessible to photographers of various skill levels. Beginners will find clear explanations and step-by-step guidance, while more experienced photographers can use it as a reference for refining their technique."
      }
    },
    {
      "@type": "Question",
      "name": "What are the most common mistakes to avoid?",
      "acceptedAnswer": {
        "@type": "Answer",
        "text": "Common mistakes include incorrect camera settings for the conditions, poor composition choices, and not paying attention to lighting. The article addresses these issues and provides solutions to help you avoid these pitfalls."
      }
    },
    {
      "@type": "Question",
      "name": "Where can I practice these techniques?",
      "acceptedAnswer": {
        "@type": "Answer",
        "text": "You can practice these photography techniques in various locations depending on the specific method. The article may suggest ideal locations, but many techniques can be practiced in your local area with the right conditions and approach."
      }
    }
  ]
}