{
  "@context": "https://schema.org",
  "@type": "HowTo",
  "@id": "https://www.alanranger.com/blog-on-photography/wildlife-photography-practice-assignment-free-lesson#howto",
  "name": "Wildlife Photography Practice Assignment - Free Lesson",
  "description": "PHOTOGRAPHYThis assignment focuses on essential techniques and considerations for capturing compelling wildlife photographs.",
  "step": [
    {
      "@type": "HowToStep",
      "position": 1,
      "name": "Prepare equipment",
      "text": "Prepare your camera equipment and any necessary accessories for the photography technique described in this article."
    },
    {
      "@type": "HowToStep",
      "position": 2,
      "name": "Evaluate scene and lighting",
      "text": "Evaluate the scene and lighting conditions to determine the best approach for capturing the images."
    },
    {
      "@type": "HowToStep",
      "position": 3,
      "name": "Apply technique",
      "text": "Apply the photography technique described in the article, following the guidance and recommendations provided."
    },
    {
      "@type": "HowToStep",
      "position": 4,
      "name": "Capture images",
      "text": "Capture images following the advice and tips outlined in the post, adjusting settings as needed."
    },
    {
      "@type": "HowToStep",
      "position": 5,
      "name": "Review and refine",
      "text": "Review your captured images and refine your technique based on the results and feedback from the article."
    }
  ],
  "totalTime": "PT10M",
  "image": {
    "@type": "ImageObject",
    "url": "https://images.squarespace-cdn.com/content/v1/5013f4b2c4aaa4752ac69b17/1763932543229-PXS6HRXQD7EH4QMVNRDQ/wildlife-photography-thumbnail.png",
    "width": 1500,
    "height": 1000,
    "caption": "Wildlife Photography Practice Assignment - Free Lesson"
  },
  "mainEntityOfPage": {
    "@type": "WebPage",
    "@id": "https://www.alanranger.com/blog-on-photography/wildlife-photography-practice-assignment-free-lesson#webpage"
  }
}