{
  "@context": "https://schema.org",
  "@type": "WebPage",
  "@id": "https://www.alanranger.com/blog-on-photography/storytelling-narrative-photography-assignment#webpage",
  "url": "https://www.alanranger.com/blog-on-photography/storytelling-narrative-photography-assignment",
  "name": "Storytelling Narrative Photography Assignment - Free",
  "description": "Webpage for a blog article on Alan Ranger Photography.",
  "inLanguage": "en-GB",
  "isPartOf": {
    "@id": "https://www.alanranger.com/#website"
  },
  "breadcrumb": {
    "@id": "https://www.alanranger.com/blog-on-photography/storytelling-narrative-photography-assignment#breadcrumb"
  },
  "mainEntity": {
    "@id": "https://www.alanranger.com/blog-on-photography/storytelling-narrative-photography-assignment#blogposting"
  },
  "datePublished": "2025-11-23",
  "dateModified": "2025-11-23",
  "primaryImageOfPage": {
    "@id": "https://www.alanranger.com/blog-on-photography/storytelling-narrative-photography-assignment#heroimage"
  }
}