{
  "@context": "https://schema.org",
  "@type": "BreadcrumbList",
  "@id": "https://www.alanranger.com/blog-on-photography/storytelling-narrative-photography-assignment#breadcrumb",
  "itemListElement": [
    {
      "@type": "ListItem",
      "position": 1,
      "name": "Blog",
      "item": "https://www.alanranger.com/blog-on-photography"
    },
    {
      "@type": "ListItem",
      "position": 2,
      "name": "Storytelling Narrative Photography Assignment",
      "item": "https://www.alanranger.com/blog-on-photography/storytelling-narrative-photography-assignment"
    }
  ]
}