{
  "@context": "https://schema.org",
  "@type": "ImageObject",
  "@id": "https://www.alanranger.com/blog-on-photography/storytelling-narrative-photography-assignment#heroimage",
  "url": "http://static1.squarespace.com/static/5013f4b2c4aaa4752ac69b17/53836c32e4b05b1c55576880/6923698083fc9e1feba33c2e/1763928552085/storytelling-and-narrative-thumbnail.png?format=1500w",
  "contentUrl": "http://static1.squarespace.com/static/5013f4b2c4aaa4752ac69b17/53836c32e4b05b1c55576880/6923698083fc9e1feba33c2e/1763928552085/storytelling-and-narrative-thumbnail.png?format=1500w",
  "width": 1500,
  "height": 1000,
  "caption": "Storytelling Narrative Photography Assignment - Free",
  "representativeOfPage": true,
  "inLanguage": "en-GB"
}