{
  "@context": "https://schema.org",
  "@type": "WebPage",
  "@id": "https://www.alanranger.com/blog-on-photography/storytelling-narrative-photography-assignment#webpage",
  "url": "https://www.alanranger.com/blog-on-photography/storytelling-narrative-photography-assignment",
  "name": "Storytelling Narrative Photography Assignment - Free",
  "description": "Storytelling Narrative Photography. This assignment teaches the art of storytelling through photography by focusing on capturing emotions and narrative.",
  "inLanguage": "en-GB",
  "isPartOf": {
    "@id": "https://www.alanranger.com/#website"
  },
  "about": {
    "@id": "https://www.alanranger.com/blog-on-photography/storytelling-narrative-photography-assignment#blogposting"
  },
  "mainEntity": {
    "@id": "https://www.alanranger.com/blog-on-photography/storytelling-narrative-photography-assignment#blogposting"
  }
}