{
  "@context": "https://schema.org",
  "@type": "ImageObject",
  "@id": "https://www.alanranger.com/blog-on-photography/storytelling-narrative-photography-assignment#primaryimage",
  "url": "https://images.squarespace-cdn.com/content/v1/5013f4b2c4aaa4752ac69b17/1763928532338-8ZGBYKBM9Z772HYJLKSC/storytelling-and-narrative-thumbnail.png",
  "width": 1500,
  "height": 1000,
  "caption": "Storytelling Narrative Photography Assignment - Free",
  "inLanguage": "en-GB",
  "creator": {
    "@id": "https://www.alanranger.com/#person"
  },
  "publisher": {
    "@id": "https://www.alanranger.com/#org"
  }
}